Sujetos,Condición,Intensidad pysent,Positivo pysennt,Negativo pysent,Nro palabras únicas,num noun norm,num verb norm,num adj norm,num advs norm,num numeral norm,num propn norm,primera_persona_norm,tercera_persona_norm,cohe_norm_d=1,cohe_norm_d=2,cohe_norm_d=3,num_nodes_norm,Comunidades_LSC,diámetro,k_mean,transitivity,ASP,average_CC,selfloops,L2,L3,density,Detalles internos norm,Detalles externos norm
1,cfk,0.5639396049082279,0.013691220432519913,0.550248384475708,-0.7382750541751716,0.1472868217054263,0.1317829457364341,0.0232558139534883,0.1240310077519379,0.0,0.0,0.0387596899224806,0.0930232558139534,0.966975405805794,0.967629047294918,1.081211880442179,1.0,13,12.099999999999998,3.2432432432432434,0.0053763440860215,5.1181630260397,0.0112959112959112,0,2.0,2.0,0.0222139948167345,0.5971074380165289,0.40289256198347106
2,cfk,0.2279240731149912,0.02542903460562229,0.2024950385093689,-0.7431850128076443,0.144927536231884,0.1400966183574879,0.0096618357487922,0.0966183574879227,0.0,0.0338164251207729,0.0289855072463768,0.0821256038647343,0.9407177898232238,0.8706794154682367,0.9642148762667796,0.9897959183673468,13,12.166666666666666,3.690721649484536,0.0277777777777777,4.701514644016253,0.0525226333622969,1,2.5,9.333333333333334,0.0192225085910652,0.5907172995780591,0.4092827004219409
3,cfk,0.734152439981699,0.016603652387857437,0.7175487875938416,0.6975627879254396,0.1812080536912751,0.1375838926174496,0.0302013422818791,0.087248322147651,0.0167785234899328,0.0067114093959731,0.0436241610738255,0.0771812080536912,0.9382118398397968,0.9473315429586866,0.9234177193835202,1.0,21,17.643678160919542,3.527027027027027,0.0176282051282051,5.565610708057383,0.0494938444666705,0,2.0,13.0,0.0119966905681191,0.7768987341772152,0.2231012658227848
4,cfk,0.1921341810375452,0.028789246454834938,0.16334493458271027,-0.20212524910162374,0.1720930232558139,0.117829457364341,0.0387596899224806,0.0976744186046511,0.0077519379844961,0.0201550387596899,0.0465116279069767,0.089922480620155,0.902557025730471,0.8427784463784259,0.809113575899478,1.0,37,15.879496402877692,4.149253731343284,0.020684168655529,4.68040482254515,0.0379831931266795,0,6.0,27.0,0.0077701380736765,0.5804115853658537,0.41958841463414637
5,cfk,0.29210544377565384,0.08358398824930191,0.20852145552635193,-0.6209856918333596,0.1291666666666666,0.1208333333333333,0.0291666666666666,0.1375,0.0083333333333333,0.0166666666666666,0.0416666666666666,0.0375,0.9166154230830426,0.8358186761004268,0.8728326960836601,0.9833333333333332,15,14.458525345622114,3.6440677966101696,0.0169491525423728,5.116484562356132,0.0352395835126704,1,2.5,10.333333333333334,0.0155729393017528,0.6387931034482759,0.3612068965517241
6,cfk,0.7642855141311884,0.008466670289635658,0.7558188438415527,0.11018010805171194,0.1416122004357298,0.1372549019607843,0.0435729847494553,0.0849673202614379,0.0,0.0392156862745098,0.0392156862745098,0.0392156862745098,0.8699713663473113,0.880356104143003,0.8773262389071197,1.0,24,13.262867647058826,4.25,0.0343468468468468,4.662184414219077,0.06453031725213,3,10.5,33.0,0.0111256544502617,0.7016632016632016,0.2983367983367983
7,cfk,0.7935361401177943,0.006471647415310144,0.7870644927024841,-0.8933574069972472,0.1134751773049645,0.1170212765957446,0.0638297872340425,0.0744680851063829,0.0035460992907801,0.0106382978723404,0.0319148936170212,0.0851063829787234,0.9391977895446696,0.9490330867975136,0.9397719298812204,1.0,19,13.885057471264371,3.7285714285714286,0.0334987593052109,4.833166767078738,0.0721723812764185,1,2.5,23.33333333333333,0.0134121274409044,0.6792452830188679,0.32075471698113206
8,cfk,0.37115195021033287,0.015618529170751572,0.3555334210395813,-1.2951132825219438,0.2276422764227642,0.1382113821138211,0.024390243902439,0.073170731707317,0.0,0.0,0.056910569105691,0.048780487804878,0.8219861420360823,0.7967984090337551,0.6587367632105925,0.9577464788732394,13,15.362831858407084,3.235294117647059,0.0147058823529411,5.585356662807706,0.0317945126768656,0,0.0,5.0,0.0241439859525899,0.7205882352941176,0.27941176470588236
9,cfk,0.4834155421704054,0.01276799850165844,0.47064754366874695,-0.8395072691003547,0.1380952380952381,0.1523809523809524,0.0333333333333333,0.0833333333333333,0.0,0.0333333333333333,0.0428571428571428,0.0952380952380952,0.8244251812910152,0.8710113789013894,0.7851316523443507,1.0,27,13.205431754874652,3.881081081081081,0.027027027027027,4.818631393912227,0.0461961502651843,0,7.0,20.0,0.0105464159811985,0.7365470852017937,0.26345291479820626
10,cfk,0.8067946135997772,0.007492035627365112,0.7993025779724121,-0.616937583372962,0.1232323232323232,0.1414141414141414,0.0383838383838383,0.0565656565656565,0.0121212121212121,0.0141414141414141,0.0262626262626262,0.0909090909090909,0.917631467622908,0.9437880802864608,0.8875683906303651,1.0,22,11.19625,4.519774011299435,0.0326192794547224,4.115206494111113,0.0810308342363135,0,8.0,33.0,0.0128402670775552,0.8164556962025317,0.18354430379746836
11,cfk,0.8058186867274344,0.007256160024553537,0.7985625267028809,-1.3822012694774153,0.173076923076923,0.0641025641025641,0.0512820512820512,0.1025641025641025,0.0,0.0256410256410256,0.0128205128205128,0.0769230769230769,0.9867131048316328,0.9952470752104844,1.1028403380305123,0.9659090909090908,13,12.447849462365587,3.5764705882352943,0.0261904761904761,4.791756498298313,0.0670488343796659,0,5.0,11.0,0.0212885154061624,0.4198717948717949,0.5801282051282052
12,cfk,0.863320283126086,0.007403961848467588,0.8559163212776184,0.10154759522406248,0.0909090909090909,0.1233766233766233,0.0519480519480519,0.0519480519480519,0.0,0.0584415584415584,0.0844155844155844,0.0584415584415584,0.914006932275355,0.8275956268329967,0.8258540048666627,0.9767441860465116,14,13.200704225352112,3.333333333333333,0.0218978102189781,5.198761713520786,0.0177249117725308,0,1.0,2.0,0.0200803212851405,0.7980769230769231,0.20192307692307693
13,cfk,0.3397267758846283,0.03256288170814514,0.30716389417648315,-1.1690172624546746,0.136,0.12,0.032,0.08,0.0,0.056,0.024,0.064,0.7351907859464369,0.7006898897623474,0.5263774562936091,0.9178082191780822,10,13.391304347826088,3.253731343283582,0.0434782608695652,5.360178684967848,0.0497609989269339,0,0.0,6.0,0.0246494798733604,0.4963768115942029,0.5036231884057971
14,cfk,0.1646612212061882,0.02959270030260086,0.13506852090358734,-0.9497260939663748,0.1068702290076335,0.1297709923664122,0.015267175572519,0.1297709923664122,0.0,0.0305343511450381,0.0305343511450381,0.0687022900763358,0.8753575735863584,0.7701402607980358,0.4766447902215376,0.9759036144578314,15,16.740000000000002,3.037037037037037,0.01,5.9856666666667335,0.0207234009703145,0,1.0,5.0,0.0189814814814814,0.6678321678321678,0.3321678321678322
15,cfk,0.646210253238678,0.01728057861328125,0.6289296746253967,-0.6542186285407046,0.1654676258992805,0.1510791366906475,0.0071942446043165,0.0863309352517985,0.0,0.0215827338129496,0.0359712230215827,0.0647482014388489,0.8902549859028874,0.9823771494492468,1.0563783585610602,1.0,12,14.50746268656716,3.308641975308642,0.0132450331125827,5.124709784411186,0.0542774723057947,1,0.5,8.333333333333334,0.020679012345679,0.6540880503144654,0.34591194968553457
16,cfk,0.22736038267612457,0.06615228950977325,0.16120809316635132,0.21128856368212914,0.150197628458498,0.1185770750988142,0.0316205533596837,0.0592885375494071,0.0079051383399209,0.0197628458498023,0.0395256916996047,0.0553359683794466,0.8848243232120412,0.9237893498926868,0.9220885485325286,1.0,16,15.975,3.541984732824428,0.0165289256198347,5.362396506165811,0.0200457484300511,0,1.0,4.0,0.0136230182031708,0.8298076923076924,0.1701923076923077
17,cfk,0.3673430513590574,0.018673134967684746,0.3486699163913727,-0.23120541039228415,0.1314655172413793,0.1551724137931034,0.0452586206896551,0.1293103448275862,0.021551724137931,0.0193965517241379,0.0797413793103448,0.0323275862068965,0.9622778490148948,0.9994170561413848,0.9757084851650148,1.0,23,12.005141388174804,4.471264367816092,0.0449927431059506,4.643154538493878,0.0637447733184984,2,6.0,29.666666666666668,0.0129227293867517,0.6242632612966601,0.3757367387033399
18,cfk,0.106384152546525,0.026681499555706978,0.07970265299081802,0.10586789601654602,0.1702898550724637,0.1159420289855072,0.0543478260869565,0.0597826086956521,0.0090579710144927,0.0163043478260869,0.0217391304347826,0.0543478260869565,1.026724626316828,0.973061556411784,1.0270128072792672,0.9953051643192488,28,13.662470430936953,4.358490566037736,0.0263157894736842,4.557940105686542,0.082129521617627,0,4.0,32.0,0.0103281766967718,0.4735663082437276,0.5264336917562724
19,cfk,0.18099333345890045,0.05497853457927704,0.1260147988796234,-0.19736916199731563,0.1438848920863309,0.1294964028776978,0.0071942446043165,0.1151079136690647,0.0,0.0215827338129496,0.0359712230215827,0.0647482014388489,0.8201662025073053,1.0138446495889393,0.7866611933051443,0.963855421686747,15,14.713178294573645,3.15,0.0048076923076923,5.477566807313622,0.0280505775497497,1,3.5,4.333333333333333,0.0199367088607594,0.5,0.5
20,cfk,0.18432333692908287,0.02116764709353447,0.1631556898355484,-1.025019629641265,0.0975609756097561,0.1707317073170731,0.048780487804878,0.1260162601626016,0.0040650406504065,0.008130081300813,0.0447154471544715,0.040650406504065,0.778147694011373,0.7528316530583642,0.6711306993858335,1.0,17,12.69097222222222,3.789473684210526,0.0426136363636363,4.6506453521134565,0.0944300143778191,1,3.5,24.33333333333333,0.0167675826734979,0.5598591549295775,0.44014084507042256
21,cfk,0.392029682174325,0.023859182372689247,0.36817049980163574,-0.871174368038925,0.1630434782608695,0.1956521739130435,0.0271739130434782,0.0978260869565217,0.0,0.0108695652173913,0.0326086956521739,0.0543478260869565,1.0003767218159558,0.9698419154866648,0.9636906842966252,1.0,18,17.965909090909093,3.229357798165138,0.0261437908496732,6.038445907855309,0.0261999633154517,1,3.5,3.333333333333333,0.0149507305470608,0.5604265402843602,0.4395734597156398
22,cfk,0.33782789669930935,0.021621888503432274,0.3162060081958771,-1.190667069028099,0.1531531531531531,0.1141141141141141,0.039039039039039,0.1471471471471471,0.03003003003003,0.021021021021021,0.012012012012012,0.093093093093093,0.8808285664944918,0.891980216310304,0.94099481424262,0.9751552795031057,23,15.467796610169492,3.707006369426752,0.0141388174807197,5.287785514652271,0.0363453369045614,2,7.0,13.666666666666666,0.0118814306712395,0.7965976331360947,0.20340236686390534
23,cfk,0.6680138763040304,0.013213759288191795,0.6548001170158386,0.07625833391553835,0.1282051282051282,0.1282051282051282,0.0695970695970696,0.0915750915750915,0.0,0.0036630036630036,0.0256410256410256,0.0549450549450549,1.00291249208418,0.975587934869256,0.990176947636842,1.0,19,14.74205020920502,3.648854961832061,0.0138461538461538,4.833179691101605,0.0263143205769506,0,6.0,8.0,0.0140340575455079,0.7178571428571429,0.28214285714285714
24,cfk,0.19332552328705788,0.14742137491703033,0.04590414837002754,0.25011154904994726,0.1459459459459459,0.127027027027027,0.027027027027027,0.0756756756756756,0.0216216216216216,0.0216216216216216,0.054054054054054,0.0864864864864864,1.050962649620247,1.0249819982123989,1.02540404437837,0.9826589595375722,21,13.573170731707316,3.823529411764706,0.0264054514480408,4.983092365066705,0.0653095784145415,0,5.0,21.0,0.0113122171945701,0.7914438502673797,0.20855614973262032
25,cfk,0.3125397190451622,0.06488210707902908,0.24765761196613312,-0.5060141685950839,0.1388888888888889,0.1296296296296296,0.0185185185185185,0.0879629629629629,0.0092592592592592,0.0092592592592592,0.0277777777777777,0.0277777777777777,0.9338917343714008,1.0043292227824558,0.9920276831710044,1.0,17,11.74137931034483,3.530434782608696,0.0100401606425702,5.002601218188878,0.0389099099252551,0,2.0,6.0,0.015484363081617,0.7631578947368421,0.23684210526315788
26,cfk,0.21214021742343903,0.10166840255260468,0.11047181487083435,0.9114467342237873,0.1390205371248025,0.1406003159557662,0.0268562401263823,0.0947867298578199,0.0063191153238546,0.0268562401263823,0.0157977883096366,0.1121642969984202,0.953698271128015,0.972008430300234,1.0252789985280433,1.0,30,11.630434782608694,4.346456692913386,0.0217216411906677,4.601037910248355,0.0546030001241208,1,8.5,49.333333333333336,0.0085898353614889,0.694777397260274,0.305222602739726
27,cfk,0.48540791682899,0.01329093985259533,0.47211697697639465,-0.6751399510385769,0.1424731182795699,0.1290322580645161,0.0349462365591397,0.1720430107526881,0.0026881720430107,0.0053763440860215,0.043010752688172,0.064516129032258,0.9582499459511438,0.966023702572268,0.977277983305677,1.0,18,15.49044585987261,4.272108843537415,0.0323679727427597,4.79530698988551,0.0486630044799277,2,5.0,20.666666666666668,0.0146305097381418,0.4943181818181818,0.5056818181818182
28,cfk,0.4959443314000964,0.014353464357554913,0.4815908670425415,-0.9025883212471763,0.1737704918032787,0.1475409836065573,0.0163934426229508,0.101639344262295,0.0,0.0163934426229508,0.0262295081967213,0.0786885245901639,1.023436081969756,1.021773138235908,1.0019862280533165,0.9923076923076924,19,10.842007434944238,4.155038759689923,0.0295629820051413,4.662478822056084,0.0353077943741418,1,4.5,16.333333333333332,0.0162306201550387,0.7908950617283951,0.20910493827160495
29,cfk,0.5435632541775703,0.014108128845691681,0.5294551253318787,-0.1537182979318651,0.16,0.18,0.02,0.084,0.008,0.024,0.052,0.08,0.9986346415399464,0.9295190565239868,0.8410858929708335,0.9797297297297296,24,16.489361702127653,3.2,0.0095419847328244,5.935546928072445,0.0336456022299942,0,4.0,6.0,0.0111111111111111,0.6398467432950191,0.36015325670498083
30,cfk,0.3991554118692875,0.04288521781563759,0.3562701940536499,0.36828604912845847,0.1491228070175438,0.1228070175438596,0.0350877192982456,0.0789473684210526,0.0,0.0204678362573099,0.0380116959064327,0.0906432748538011,0.8363916558756467,0.8338141421597335,0.8785074394012092,1.0,21,15.447540983606558,3.836477987421384,0.0388994307400379,4.990483509326959,0.0628012623709204,0,8.0,22.0,0.0121407531247512,0.5521978021978022,0.4478021978021978
